<annotation>
	<folder>train</folder>
	<filename>snap_17.jpg</filename>
	<path>/Users/francisco.tello/PycharmProjects/cvSnapper/meraki_devices/images/train/snap_17.jpg</path>
	<source>
		<database>Unknown</database>
	</source>
	<size>
		<width>1920</width>
		<height>1080</height>
		<depth>3</depth>
	</size>
	<segmented>0</segmented>
	<object>
		<name>meraki_mr</name>
		<pose>Unspecified</pose>
		<truncated>0</truncated>
		<difficult>0</difficult>
		<bndbox>
			<xmin>756</xmin>
			<ymin>348</ymin>
			<xmax>1268</xmax>
			<ymax>600</ymax>
		</bndbox>
	</object>
	<object>
		<name>meraki_mt</name>
		<pose>Unspecified</pose>
		<truncated>0</truncated>
		<difficult>0</difficult>
		<bndbox>
			<xmin>1318</xmin>
			<ymin>836</ymin>
			<xmax>1604</xmax>
			<ymax>919</ymax>
		</bndbox>
	</object>
</annotation>
