<annotation>
	<folder>train</folder>
	<filename>snap_25.jpg</filename>
	<path>/Users/francisco.tello/PycharmProjects/cvSnapper/meraki_devices/images/train/snap_25.jpg</path>
	<source>
		<database>Unknown</database>
	</source>
	<size>
		<width>1920</width>
		<height>1080</height>
		<depth>3</depth>
	</size>
	<segmented>0</segmented>
	<object>
		<name>meraki_mr</name>
		<pose>Unspecified</pose>
		<truncated>0</truncated>
		<difficult>0</difficult>
		<bndbox>
			<xmin>163</xmin>
			<ymin>324</ymin>
			<xmax>599</xmax>
			<ymax>655</ymax>
		</bndbox>
	</object>
	<object>
		<name>meraki_mt</name>
		<pose>Unspecified</pose>
		<truncated>0</truncated>
		<difficult>0</difficult>
		<bndbox>
			<xmin>1021</xmin>
			<ymin>226</ymin>
			<xmax>1228</xmax>
			<ymax>633</ymax>
		</bndbox>
	</object>
	<object>
		<name>meraki_mv</name>
		<pose>Unspecified</pose>
		<truncated>1</truncated>
		<difficult>0</difficult>
		<bndbox>
			<xmin>1454</xmin>
			<ymin>962</ymin>
			<xmax>1721</xmax>
			<ymax>1080</ymax>
		</bndbox>
	</object>
</annotation>
