<annotation>
	<folder>train</folder>
	<filename>snap_26.jpg</filename>
	<path>/Users/francisco.tello/PycharmProjects/cvSnapper/meraki_devices/images/train/snap_26.jpg</path>
	<source>
		<database>Unknown</database>
	</source>
	<size>
		<width>1920</width>
		<height>1080</height>
		<depth>3</depth>
	</size>
	<segmented>0</segmented>
	<object>
		<name>meraki_mt</name>
		<pose>Unspecified</pose>
		<truncated>0</truncated>
		<difficult>0</difficult>
		<bndbox>
			<xmin>172</xmin>
			<ymin>357</ymin>
			<xmax>430</xmax>
			<ymax>578</ymax>
		</bndbox>
	</object>
	<object>
		<name>meraki_mr</name>
		<pose>Unspecified</pose>
		<truncated>0</truncated>
		<difficult>0</difficult>
		<bndbox>
			<xmin>897</xmin>
			<ymin>278</ymin>
			<xmax>1340</xmax>
			<ymax>586</ymax>
		</bndbox>
	</object>
	<object>
		<name>meraki_mv</name>
		<pose>Unspecified</pose>
		<truncated>1</truncated>
		<difficult>0</difficult>
		<bndbox>
			<xmin>1449</xmin>
			<ymin>964</ymin>
			<xmax>1714</xmax>
			<ymax>1080</ymax>
		</bndbox>
	</object>
</annotation>
