<annotation>
	<folder>train</folder>
	<filename>snap_14.jpg</filename>
	<path>/Users/francisco.tello/PycharmProjects/cvSnapper/meraki_devices/images/train/snap_14.jpg</path>
	<source>
		<database>Unknown</database>
	</source>
	<size>
		<width>1920</width>
		<height>1080</height>
		<depth>3</depth>
	</size>
	<segmented>0</segmented>
	<object>
		<name>meraki_mr</name>
		<pose>Unspecified</pose>
		<truncated>0</truncated>
		<difficult>0</difficult>
		<bndbox>
			<xmin>196</xmin>
			<ymin>336</ymin>
			<xmax>614</xmax>
			<ymax>648</ymax>
		</bndbox>
	</object>
	<object>
		<name>meraki_mt</name>
		<pose>Unspecified</pose>
		<truncated>0</truncated>
		<difficult>0</difficult>
		<bndbox>
			<xmin>1330</xmin>
			<ymin>807</ymin>
			<xmax>1602</xmax>
			<ymax>917</ymax>
		</bndbox>
	</object>
</annotation>
