<annotation>
	<folder>train</folder>
	<filename>snap_23.jpg</filename>
	<path>/Users/francisco.tello/PycharmProjects/cvSnapper/meraki_devices/images/train/snap_23.jpg</path>
	<source>
		<database>Unknown</database>
	</source>
	<size>
		<width>1920</width>
		<height>1080</height>
		<depth>3</depth>
	</size>
	<segmented>0</segmented>
	<object>
		<name>meraki_mg</name>
		<pose>Unspecified</pose>
		<truncated>0</truncated>
		<difficult>0</difficult>
		<bndbox>
			<xmin>151</xmin>
			<ymin>145</ymin>
			<xmax>423</xmax>
			<ymax>826</ymax>
		</bndbox>
	</object>
	<object>
		<name>meraki_mr</name>
		<pose>Unspecified</pose>
		<truncated>0</truncated>
		<difficult>0</difficult>
		<bndbox>
			<xmin>906</xmin>
			<ymin>190</ymin>
			<xmax>1395</xmax>
			<ymax>576</ymax>
		</bndbox>
	</object>
	<object>
		<name>meraki_mt</name>
		<pose>Unspecified</pose>
		<truncated>0</truncated>
		<difficult>0</difficult>
		<bndbox>
			<xmin>1330</xmin>
			<ymin>802</ymin>
			<xmax>1602</xmax>
			<ymax>919</ymax>
		</bndbox>
	</object>
	<object>
		<name>meraki_mv</name>
		<pose>Unspecified</pose>
		<truncated>1</truncated>
		<difficult>0</difficult>
		<bndbox>
			<xmin>1442</xmin>
			<ymin>952</ymin>
			<xmax>1728</xmax>
			<ymax>1080</ymax>
		</bndbox>
	</object>
</annotation>
