<annotation>
	<folder>train</folder>
	<filename>snap_22.jpg</filename>
	<path>/Users/francisco.tello/PycharmProjects/cvSnapper/meraki_devices/images/train/snap_22.jpg</path>
	<source>
		<database>Unknown</database>
	</source>
	<size>
		<width>1920</width>
		<height>1080</height>
		<depth>3</depth>
	</size>
	<segmented>0</segmented>
	<object>
		<name>meraki_mr</name>
		<pose>Unspecified</pose>
		<truncated>0</truncated>
		<difficult>0</difficult>
		<bndbox>
			<xmin>51</xmin>
			<ymin>300</ymin>
			<xmax>468</xmax>
			<ymax>617</ymax>
		</bndbox>
	</object>
	<object>
		<name>meraki_mv</name>
		<pose>Unspecified</pose>
		<truncated>0</truncated>
		<difficult>0</difficult>
		<bndbox>
			<xmin>942</xmin>
			<ymin>276</ymin>
			<xmax>1154</xmax>
			<ymax>469</ymax>
		</bndbox>
	</object>
	<object>
		<name>meraki_mt</name>
		<pose>Unspecified</pose>
		<truncated>0</truncated>
		<difficult>0</difficult>
		<bndbox>
			<xmin>1323</xmin>
			<ymin>831</ymin>
			<xmax>1604</xmax>
			<ymax>919</ymax>
		</bndbox>
	</object>
</annotation>
