<annotation>
	<folder>train</folder>
	<filename>snap_15.jpg</filename>
	<path>/Users/francisco.tello/PycharmProjects/cvSnapper/meraki_devices/images/train/snap_15.jpg</path>
	<source>
		<database>Unknown</database>
	</source>
	<size>
		<width>1920</width>
		<height>1080</height>
		<depth>3</depth>
	</size>
	<segmented>0</segmented>
	<object>
		<name>meraki_mr</name>
		<pose>Unspecified</pose>
		<truncated>0</truncated>
		<difficult>0</difficult>
		<bndbox>
			<xmin>295</xmin>
			<ymin>314</ymin>
			<xmax>685</xmax>
			<ymax>609</ymax>
		</bndbox>
	</object>
	<object>
		<name>meraki_mt</name>
		<pose>Unspecified</pose>
		<truncated>0</truncated>
		<difficult>0</difficult>
		<bndbox>
			<xmin>1311</xmin>
			<ymin>826</ymin>
			<xmax>1621</xmax>
			<ymax>917</ymax>
		</bndbox>
	</object>
</annotation>
