<annotation>
	<folder>train</folder>
	<filename>snap_100.jpg</filename>
	<path>/Users/francisco.tello/PycharmProjects/cvSnapper/meraki_devices/images/train/snap_100.jpg</path>
	<source>
		<database>Unknown</database>
	</source>
	<size>
		<width>1920</width>
		<height>1080</height>
		<depth>3</depth>
	</size>
	<segmented>0</segmented>
	<object>
		<name>meraki_mr</name>
		<pose>Unspecified</pose>
		<truncated>0</truncated>
		<difficult>0</difficult>
		<bndbox>
			<xmin>229</xmin>
			<ymin>295</ymin>
			<xmax>514</xmax>
			<ymax>669</ymax>
		</bndbox>
	</object>
	<object>
		<name>meraki_mg</name>
		<pose>Unspecified</pose>
		<truncated>0</truncated>
		<difficult>0</difficult>
		<bndbox>
			<xmin>864</xmin>
			<ymin>100</ymin>
			<xmax>1335</xmax>
			<ymax>743</ymax>
		</bndbox>
	</object>
</annotation>
