<annotation>
	<folder>train</folder>
	<filename>snap_51.jpg</filename>
	<path>/Users/francisco.tello/PycharmProjects/cvSnapper/meraki_devices/images/train/snap_51.jpg</path>
	<source>
		<database>Unknown</database>
	</source>
	<size>
		<width>1920</width>
		<height>1080</height>
		<depth>3</depth>
	</size>
	<segmented>0</segmented>
	<object>
		<name>meraki_mv</name>
		<pose>Unspecified</pose>
		<truncated>0</truncated>
		<difficult>0</difficult>
		<bndbox>
			<xmin>335</xmin>
			<ymin>407</ymin>
			<xmax>502</xmax>
			<ymax>583</ymax>
		</bndbox>
	</object>
	<object>
		<name>meraki_mg</name>
		<pose>Unspecified</pose>
		<truncated>0</truncated>
		<difficult>0</difficult>
		<bndbox>
			<xmin>925</xmin>
			<ymin>124</ymin>
			<xmax>1204</xmax>
			<ymax>767</ymax>
		</bndbox>
	</object>
</annotation>
