<annotation>
	<folder>train</folder>
	<filename>snap_98.jpg</filename>
	<path>/Users/francisco.tello/PycharmProjects/cvSnapper/meraki_devices/images/train/snap_98.jpg</path>
	<source>
		<database>Unknown</database>
	</source>
	<size>
		<width>1920</width>
		<height>1080</height>
		<depth>3</depth>
	</size>
	<segmented>0</segmented>
	<object>
		<name>meraki_mt</name>
		<pose>Unspecified</pose>
		<truncated>0</truncated>
		<difficult>0</difficult>
		<bndbox>
			<xmin>292</xmin>
			<ymin>395</ymin>
			<xmax>564</xmax>
			<ymax>590</ymax>
		</bndbox>
	</object>
	<object>
		<name>meraki_mg</name>
		<pose>Unspecified</pose>
		<truncated>0</truncated>
		<difficult>0</difficult>
		<bndbox>
			<xmin>930</xmin>
			<ymin>171</ymin>
			<xmax>1335</xmax>
			<ymax>788</ymax>
		</bndbox>
	</object>
</annotation>
